_id,created_at_datetime,text,in_reply_to_status_id,in_reply_to_user_id,lang,user,cleaned_text,conv_starter
1131173625258815488,2019-05-22 12:23:03,@Pelusitaaaa1 Hoi!  Enkel KLM/Air France-vluchten of vluchten met partners onder een KL vluchtnummer kunnen aan de KLM App worden toegevoegd.,1.1311713636733174e+18,3110268790.0,nl,56377143,@pelusitaaaa1 hoi! enkel klmair francevluchten of vluchten met partners onder een kl vluchtnummer kunnen aan de klm app worden toegevoegd,1131173625258815488
1131183043241230337,2019-05-22 13:00:28,@KLM dat is jammer! ik verdien wel XP toch op AlItalia vluchten als FB lid?,1.1311736252588155e+18,56377143.0,nl,3110268790,@klm dat is jammer! ik verdien wel xp toch op alitalia vluchten als fb lid?,1131173625258815488
1131185259289206785,2019-05-22 13:09:16,@Pelusitaaaa1 We helpen je graag. Kan je ons een DM sturen zodat we je daar om meer gegevens kunnen vragen?,1.1311830432412303e+18,3110268790.0,nl,56377143,@pelusitaaaa1 we helpen je graag kan je ons een dm sturen zodat we je daar om meer gegevens kunnen vragen?,1131173625258815488
1131182474380423168,2019-05-22 12:58:12,Forcibly took my daughter's bag from her to check.  Can I track it online?@KLM,,,en,1604219274,forcibly took my daughters bag from her to check can i track it online?@klm,1131182474380423168
1131187978771025921,2019-05-22 13:20:05,"@addblackman We understand that you would prefer to have your baggage with you on board. Our colleagues at the airport may request that your hand baggage will be transported in the hold, due to the available space and the amount of hand baggage on board, for example.&gt;&gt;&gt;",1.1311824743804232e+18,1604219274.0,en,56377143,@addblackman we understand that you would prefer to have your baggage with you on board our colleagues at the airport may request that your hand baggage will be transported in the hold due to the available space and the amount of hand baggage on board for examplegtgtgt,1131182474380423168
1131188089328734209,2019-05-22 13:20:31,"@addblackman We do understand that some passengers do not like this, so we usually look for volunteers first. In case we have no (sufficient) volunteers, it is possible that passengers travelling with large bags (which do not fit under the seats) are designated.&gt;&gt;&gt;",1.1311824743804232e+18,1604219274.0,en,56377143,@addblackman we do understand that some passengers do not like this so we usually look for volunteers first in case we have no sufficient volunteers it is possible that passengers travelling with large bags which do not fit under the seats are designatedgtgtgt,1131182474380423168
1131188303821180928,2019-05-22 13:21:22,"@addblackman Keys, medicines or your laptop may always be taken from this baggage to be carried with you. On our website you can find more information about the check in of hand luggage: https://t.co/chXrkC5PV4. Furthermore, please know that you cannot track your check-in baggage online.&lt;&lt;&lt;",1.1311824743804232e+18,1604219274.0,en,56377143,@addblackman keys medicines or your laptop may always be taken from this baggage to be carried with you on our website you can find more information about the check in of hand luggage furthermore please know that you cannot track your checkin baggage onlineltltlt,1131182474380423168
1131183080474124288,2019-05-22 13:00:37,@KLM @KLM_MX estuve tooooda la tarde y noche de ayer en eso y no resuelven absolutamente nada!,1.1310242722505605e+18,56377143.0,es,879493539012296704,@klm @klm_mx estuve tooooda la tarde y noche de ayer en eso y no resuelven absolutamente nada!,1131183080474124288
1131188028528107521,2019-05-22 13:20:17,@CarlosMosig Con el fin de evitar errores nosotros volvemos a redirigirte al centro de llamadas local debido a que ha sido por esa via donde se han hecho las ultimas modificaciones en tu pasaje.,1.1311830804741243e+18,8.794935390122967e+17,es,56377143,@carlosmosig con el fin de evitar errores nosotros volvemos a redirigirte al centro de llamadas local debido a que ha sido por esa via donde se han hecho las ultimas modificaciones en tu pasaje,1131183080474124288
1131214113361879040,2019-05-22 15:03:56,"@KLM @KLM_MX como sea, el chiste es que hice el pago con el link que me dieron en whatsapp y tambien hice el pago con su servicio por telefono, ambos movimientos validados y confirmados por mi banco... es decir, me cobraron doble y no son capaces de confirmar mi pase por ninguna via",1.1311880285281075e+18,56377143.0,es,879493539012296704,@klm @klm_mx como sea el chiste es que hice el pago con el link que me dieron en whatsapp y tambien hice el pago con su servicio por telefono ambos movimientos validados y confirmados por mi banco es decir me cobraron doble y no son capaces de confirmar mi pase por ninguna via,1131183080474124288
1131185677230575618,2019-05-22 13:10:56,"Beste @KLM, ik heb gister op vlucht    KL 0645 van Amsterdam naar New York mijn jas laten liggen in het bagagevak boven rij 30 (met mijn huissleutel in de zak). Is er een manier om mijn jas terug te krijgen? Kan deze opgestuurd worden? Bij voorbaat dank",,,nl,824207173425262593,beste @klm ik heb gister op vlucht kl 0645 van amsterdam naar new york mijn jas laten liggen in het bagagevak boven rij 30 met mijn huissleutel in de zak is er een manier om mijn jas terug te krijgen? kan deze opgestuurd worden? bij voorbaat dank,1131185677230575618
1131188287803142145,2019-05-22 13:21:18,"@Amber_vanderWal Hoi Amber, we adviseren je om contact op te nemen met de Lost&amp;Found afdeling van het vliegveld van aankomst. We hopen dat je het snel terugvindt!",1.1311856772305756e+18,8.242071734252626e+17,nl,56377143,@amber_vanderwal hoi amber we adviseren je om contact op te nemen met de lostampfound afdeling van het vliegveld van aankomst we hopen dat je het snel terugvindt!,1131185677230575618
1131190988561629194,2019-05-22 13:32:02,"@KLM Dat hoop ik zelf ook, uw antwoord helpt daar overigens niet bij. Op JFK wordt dit door KLM zelf afgehandeld en wordt naar KLM verwezen. De Amerikaanse klantenservice adviseert om terug te gaan naar het vliegveld maar dat is helaas geen optie omdat we doorgereisd zijn. Kan...",1.1311882878031421e+18,56377143.0,nl,824207173425262593,@klm dat hoop ik zelf ook uw antwoord helpt daar overigens niet bij op jfk wordt dit door klm zelf afgehandeld en wordt naar klm verwezen de amerikaanse klantenservice adviseert om terug te gaan naar het vliegveld maar dat is helaas geen optie omdat we doorgereisd zijn kan,1131185677230575618
1131191297312722944,2019-05-22 13:33:16,@KLM De jas bewaard worden op JFK of teruggestuurd worden naar Schiphol? Wij kunnen zelf geen contact opnemen met KLM op JFK maar u misschien wel. Alvast bedankt.,1.1311882878031421e+18,56377143.0,nl,824207173425262593,@klm de jas bewaard worden op jfk of teruggestuurd worden naar schiphol? wij kunnen zelf geen contact opnemen met klm op jfk maar u misschien wel alvast bedankt,1131185677230575618
1131194488603463680,2019-05-22 13:45:57,"@Amber_vanderWal We gaan dit voor je navragen, kun je  een omschrijving van de jas geven.",1.131191297312723e+18,8.242071734252626e+17,nl,56377143,@amber_vanderwal we gaan dit voor je navragen kun je een omschrijving van de jas geven,1131185677230575618
1131287158537560065,2019-05-22 19:54:11,"@KLM Fijn, bedankt! Het is een donkergrijze Bergans jas (soort regenjas/windjack), met een enkele sleutel in de zak met een gekleurde geknoopte sleutelhanger van touw",1.1311944886034637e+18,56377143.0,nl,824207173425262593,@klm fijn bedankt! het is een donkergrijze bergans jas soort regenjaswindjack met een enkele sleutel in de zak met een gekleurde geknoopte sleutelhanger van touw,1131185677230575618
1131292813776302081,2019-05-22 20:16:39,"@Amber_vanderWal Bedankt voor de gegevens.  We hebben het doorgegeven aan ons KLM Lost &amp; Found Team. Alleen als zij het hebben gevonden, nemen we weer contact met je op. We hopen dat het is gevonden!",1.13128715853756e+18,8.242071734252626e+17,nl,56377143,@amber_vanderwal bedankt voor de gegevens we hebben het doorgegeven aan ons klm lost amp found team alleen als zij het hebben gevonden nemen we weer contact met je op we hopen dat het is gevonden!,1131185677230575618
1131305457237319680,2019-05-22 21:06:54,"@KLM Ok√©, bedankt!",1.1312928137763021e+18,56377143.0,nl,824207173425262593,@klm ok√© bedankt!,1131185677230575618
1131184239716831232,2019-05-22 13:05:13,"@KLM En verdad es un agrado volar con ustedes pero por favor avisen que abren el counter solo dos horas antes, estuve 6 horas esperando afuera muerta de fr√≠o",1.1310898740675666e+18,56377143.0,es,283779031,@klm en verdad es un agrado volar con ustedes pero por favor avisen que abren el counter solo dos horas antes estuve 6 horas esperando afuera muerta de fr√≠o,1131184239716831232
1131189264077774854,2019-05-22 13:25:11,"@camireyesb Lamentamos esto profundamente, y esperamos que tengas buen viaje.

Un cordial saludo.",1.1311842397168312e+18,283779031.0,es,56377143,@camireyesb lamentamos esto profundamente y esperamos que tengas buen viaje un cordial saludo,1131184239716831232
1131191763912282112,2019-05-22 13:35:07,"@KLM Hi, any chance you can retrieve an old boarding pass for me even though it's been almost 6 months since I boarded that flight? I need a copy of it and I've deleted my emailüòÖ",,56377143.0,en,4806232401,@klm hi any chance you can retrieve an old boarding pass for me even though its been almost 6 months since i boarded that flight? i need a copy of it and ive deleted my email,1131191763912282112
1131197267493445633,2019-05-22 13:56:59,"@stargirlTT Unfortunately, we cannot send a boarding pass for your past dated flights.",1.1311917639122821e+18,4806232401.0,en,56377143,@stargirltt unfortunately we cannot send a boarding pass for your past dated flights,1131191763912282112
1131197643626110977,2019-05-22 13:58:29,@KLM No problem. Thanks for getting back to me so swiftly.,1.1311972674934456e+18,56377143.0,en,4806232401,@klm no problem thanks for getting back to me so swiftly,1131191763912282112
1131198945751982081,2019-05-22 14:03:39,"@klm last time I fly with you. Yesterday you accepted a booking with a 1 hr Schiphol transfer, then before the flight from Newcastle takes off, suddenly massive delays and all flights missed. And you know you‚Äôve got problems at Schiphol. Dishonesty leading to ruined plans.",,56377143.0,en,15168078,@klm last time i fly with you yesterday you accepted a booking with a 1 hr schiphol transfer then before the flight from newcastle takes off suddenly massive delays and all flights missed and you know youve got problems at schiphol dishonesty leading to ruined plans,1131198945751982081
1131200135608885249,2019-05-22 14:08:23,"@astonbowles If all your flights are booked in one ticket, you will be automatically rebooked to the next available flight if you miss your connection in the unfortunate event of a delay. Please send us a DM if you need further assistance.",1.1311989457519821e+18,15168078.0,en,56377143,@astonbowles if all your flights are booked in one ticket you will be automatically rebooked to the next available flight if you miss your connection in the unfortunate event of a delay please send us a dm if you need further assistance,1131198945751982081
1131215028512874498,2019-05-22 15:07:34,@KLM The next available flight is 24hrs later for a location in Europe. Many plans ruined because of your outright dishonesty.,1.1312001356088852e+18,56377143.0,en,15168078,@klm the next available flight is 24hrs later for a location in europe many plans ruined because of your outright dishonesty,1131198945751982081
1131215832980307969,2019-05-22 15:10:46,"@astonbowles We can understand that this was not how you expected your journey to go. For unforeseen expenses due to a cancellation or a flight delay, you may request for possible compensation through this link here: https://t.co/y6e6TyT6j4.",1.1312150285128745e+18,15168078.0,en,56377143,@astonbowles we can understand that this was not how you expected your journey to go for unforeseen expenses due to a cancellation or a flight delay you may request for possible compensation through this link here,1131198945751982081
1131200940621684737,2019-05-22 14:11:35,@Oliver__Clark We kindly advise you to visit https://t.co/jPLJbR29gr to check this.,1.1311995262184694e+18,726117174.0,en,56377143,@oliver__clark we kindly advise you to visit to check this,1131200940621684737
1131202730893205504,2019-05-22 14:18:42,"@KLM Thats no help, can you please confirm either way?",1.1312009406216847e+18,56377143.0,en,726117174,@klm thats no help can you please confirm either way?,1131200940621684737
1131203626377129984,2019-05-22 14:22:15,"@Oliver__Clark We have yet to receive an update regarding this. Furthermore, you can always visit the link we have previously sent to check this once in a while.",1.1312027308932055e+18,726117174.0,en,56377143,@oliver__clark we have yet to receive an update regarding this furthermore you can always visit the link we have previously sent to check this once in a while,1131200940621684737
1131208422379143168,2019-05-22 14:41:19,@aneeshp We will be releasing more details soon!,1.131207613327315e+18,16170765.0,en,56377143,@aneeshp we will be releasing more details soon!,1131208422379143168
1131212352114831360,2019-05-22 14:56:56,"@KLM KL1431 delayed due to ""Late arrival of the catering"" That is a new excuse of the day! At least it isn't ""Low cloud"" like outbound flight 2 days ago! üò±ü§£ https://t.co/vZTma8xuyZ",,56377143.0,en,957354742350602240,@klm kl1431 delayed due to late arrival of the catering that is a new excuse of the day! at least it isnt low cloud like outbound flight 2 days ago!,1131212352114831360
1131212971915567104,2019-05-22 14:59:24,"@DavidPrimrose5 We can understand that this was not how you expected your journey to go. For unforeseen expenses due to a cancellation or a flight delay, you may request for possible compensation through this link here: https://t.co/y6e6TyT6j4.",1.1312123521148314e+18,9.573547423506022e+17,en,56377143,@davidprimrose5 we can understand that this was not how you expected your journey to go for unforeseen expenses due to a cancellation or a flight delay you may request for possible compensation through this link here,1131212352114831360
1131216690308632578,2019-05-22 15:14:10,Nice...today I travel with one of the (four?) new @klm planes! Nice one KLM! https://t.co/gH7CkHq8u9,,,en,10437302,nicetoday i travel with one of the four? new @klm planes! nice one klm!,1131216690308632578
1131218821866491912,2019-05-22 15:22:38,"@HelmerNL Your photos look amazing, Helmer! Thank you for flying with us!",1.1312166903086326e+18,10437302.0,en,56377143,@helmernl your photos look amazing helmer! thank you for flying with us!,1131216690308632578
1131215415164702721,2019-05-22 15:09:06,Kies je bewust voor een vlucht bij KLM wordt deze na twee weken van boeken geannuleerd en omgezet naar twee dagen later. Gevolg extra gemaakte boekingskosten die je nergens kunt verhalen. Klant is de dupe en wordt voor het blok gezet #klm #radar #consumentenbond #kassa,,,nl,123663454,kies je bewust voor een vlucht bij klm wordt deze na twee weken van boeken geannuleerd en omgezet naar twee dagen later gevolg extra gemaakte boekingskosten die je nergens kunt verhalen klant is de dupe en wordt voor het blok gezet #klm #radar #consumentenbond #kassa,1131215415164702721
1131222814655164416,2019-05-22 15:38:30,"@stoef78 Roy, we snappen dat dit niet de manier was waarop je je reis met ons in gedachten had. Wij ontvangen graag je boekingscode en meer informatie  in een priv√© bericht.",1.1312154151647027e+18,123663454.0,nl,56377143,@stoef78 roy we snappen dat dit niet de manier was waarop je je reis met ons in gedachten had wij ontvangen graag je boekingscode en meer informatie in een priv√© bericht,1131215415164702721
1131241449369088000,2019-05-22 16:52:33,@bakker_erik @KLM Thanks! We staan alweer veilig aan de grond.,1.1312358870130729e+18,144577268.0,nl,10437302,@bakker_erik @klm thanks! we staan alweer veilig aan de grond,1131241449369088000
1131247611669819392,2019-05-22 17:17:02,@HelmerNL We hopen dat je een fijne vlucht hebt gehad en verwelkomen je graag snel weer bij ons aan boord!,1.131241449369088e+18,10437302.0,nl,56377143,@helmernl we hopen dat je een fijne vlucht hebt gehad en verwelkomen je graag snel weer bij ons aan boord!,1131241449369088000
1131248012762767360,2019-05-22 17:18:38,"@KLM Ja, de vlucht was weer ouderwets gezellig. Vriendelijke stewardessen...gezellige medepassagiers. Ik kijk nu al weer uit naar zondag, dan vlieg ik weer met jullie. #frequentflyer #FlyingBlue",1.1312476116698194e+18,56377143.0,nl,10437302,@klm ja de vlucht was weer ouderwets gezellig vriendelijke stewardessengezellige medepassagiers ik kijk nu al weer uit naar zondag dan vlieg ik weer met jullie #frequentflyer #flyingblue,1131241449369088000
1131249492530008065,2019-05-22 17:24:31,@HelmerNL Dat is fijn om te horen. Tot zondag!,1.1312480127627674e+18,10437302.0,nl,56377143,@helmernl dat is fijn om te horen tot zondag!,1131241449369088000
1131248629606486019,2019-05-22 17:21:05,Ja...,,,und,20678856,ja,1131248629606486019
1131251377831858176,2019-05-22 17:32:00,"@frenkie4allll Hoi Frenkie, wat kunnen we voor je doen? Gaat het om een boeking, stuur ons dan een DM met je boekingscode.",1.131248629606486e+18,20678856.0,nl,56377143,@frenkie4allll hoi frenkie wat kunnen we voor je doen? gaat het om een boeking stuur ons dan een dm met je boekingscode,1131248629606486019
1131250634517299202,2019-05-22 17:29:03,@KLM hoe kan ik mijn account deblokkeren? Dank!,,56377143.0,nl,394548633,@klm hoe kan ik mijn account deblokkeren? dank!,1131250634517299202
1131252117119918081,2019-05-22 17:34:57,@jopie19001 Je kunt een nieuw wachtwoord aanvragen via onze website. Voor een KLM-account: https://t.co/fyv1owSnBP of Flying Blue-account: https://t.co/xJE2n4Dw7y.,1.1312506345172992e+18,394548633.0,nl,56377143,@jopie19001 je kunt een nieuw wachtwoord aanvragen via onze website voor een klmaccount of flying blueaccount,1131250634517299202
1131254982139760641,2019-05-22 17:46:20,"@KLM none of our checked bags made it to our destination. Staff at the airport are not able to track. There were 8 bags, so frustrated",,56377143.0,en,18722924,@klm none of our checked bags made it to our destination staff at the airport are not able to track there were 8 bags so frustrated,1131254982139760641
1131256528231718912,2019-05-22 17:52:28,"@_prdp Have you created a PIR with us?  If you still have to do so, you can create this report via https://t.co/h5Uo0Y39Rn.",1.1312549821397606e+18,18722924.0,en,56377143,@_prdp have you created a pir with us? if you still have to do so you can create this report via,1131254982139760641
1131253092626948097,2019-05-22 17:38:49,@KLM ik weet niet welke vegga hipster met knotje jullie hebben aangenomen voor de maaltijden/snacks? Want deze tortilla wrap spinach with couscous salad and spinach is echt te ranzig voor woorden en totaal niet eetbaar. Ga weer een gewoon broodjes met worst of kaas serveren. https://t.co/StvUXZcdmZ,,56377143.0,nl,236389335,@klm ik weet niet welke vegga hipster met knotje jullie hebben aangenomen voor de maaltijdensnacks? want deze tortilla wrap spinach with couscous salad and spinach is echt te ranzig voor woorden en totaal niet eetbaar ga weer een gewoon broodjes met worst of kaas serveren,1131253092626948097
1131259713251938304,2019-05-22 18:05:08,@RdeJongeLughten Bedankt dat je ons hierover inlicht en we waarderen je feedback. Zonder de inbreng van onze passagiers kunnen we onze service niet optimaal verbeteren. We zullen je feedback over maaltijden/snacks doorgeven aan de relevante afdeling.,1.1312530926269481e+18,236389335.0,nl,56377143,@rdejongelughten bedankt dat je ons hierover inlicht en we waarderen je feedback zonder de inbreng van onze passagiers kunnen we onze service niet optimaal verbeteren we zullen je feedback over maaltijdensnacks doorgeven aan de relevante afdeling,1131253092626948097
1131260934087991296,2019-05-22 18:09:59,"Hello @KLM I‚Äôve made an online booking for BHX-KUL, got my e-ticket and confirmation sorted but the payment is still showing as pending on my online banking. Wonder why?",,,en,267418667,hello @klm ive made an online booking for bhxkul got my eticket and confirmation sorted but the payment is still showing as pending on my online banking wonder why?,1131260934087991296
1131261833774542848,2019-05-22 18:13:33,"@ahmadnabil7 We would like to assist you. Can you share your full name, flight number and flight date, and the payment type via DM?",1.1312609340879913e+18,267418667.0,en,56377143,@ahmadnabil7 we would like to assist you can you share your full name flight number and flight date and the payment type via dm?,1131260934087991296
1131270387864690688,2019-05-22 18:47:33,@KLM Kennen jullie Yvette Barry bij het ticket office? Zij hielp mij enorm bij mijn vlucht naar new York! Zij verdient zeker een compliment voor haar harde werk.,1.1308428525298606e+18,56377143.0,nl,1034151216866123777,@klm kennen jullie yvette barry bij het ticket office? zij hielp mij enorm bij mijn vlucht naar new york! zij verdient zeker een compliment voor haar harde werk,1131270387864690688
1131273180788793344,2019-05-22 18:58:38,@RyanPutman7 Heel erg fijn om te horen dat je goed geholpen bent door onze collega bij het ticket office!,1.1312703878646907e+18,1.0341512168661238e+18,nl,56377143,@ryanputman7 heel erg fijn om te horen dat je goed geholpen bent door onze collega bij het ticket office!,1131270387864690688
1131274408075681792,2019-05-22 19:03:31,@KLM Verkering?üò≥üò≥,1.1312731807887933e+18,56377143.0,no,1034151216866123777,@klm verkering?,1131270387864690688
1131277493674156032,2019-05-22 19:15:47,"‚Å¶@KLM‚Å© via Flying Blue kan ik enkel terugvliegen naar ‚Å¶@Schiphol‚Å©, echter zou ik op de terugreis graag de KLM bus naar ‚Å¶@EINairport‚Å© willen. Kan dat door jullie vooraf of achteraf nog toegevoegd worden? Deze promo reward actie is nog maar tot vrijdag geldig. https://t.co/v0snpsOuNi",,,nl,2186639444,@klm via flying blue kan ik enkel terugvliegen naar @schiphol echter zou ik op de terugreis graag de klm bus naar @einairport willen kan dat door jullie vooraf of achteraf nog toegevoegd worden? deze promo reward actie is nog maar tot vrijdag geldig,1131277493674156032
1131282681692610561,2019-05-22 19:36:24,"@FelixVHV Hoi Felix, dat is mogelijk. Meer informatie kan je hier vinden: https://t.co/D0Kz18RWHU",1.131277493674156e+18,2186639444.0,nl,56377143,@felixvhv hoi felix dat is mogelijk meer informatie kan je hier vinden,1131277493674156032
1131283711679508481,2019-05-22 19:40:29,"@KLM Op die pagina vond ik inderdaad dat dit ‚Äútijdens het boeken‚Äù toegevoegd kan worden. Echter staat de Flying Blue webpagina dat niet toe, zie screenshot. Het is namelijk alleen nodig op de terugweg. https://t.co/WP7qS8NTUF",1.1312826816926106e+18,56377143.0,nl,2186639444,@klm op die pagina vond ik inderdaad dat dit tijdens het boeken toegevoegd kan worden echter staat de flying blue webpagina dat niet toe zie screenshot het is namelijk alleen nodig op de terugweg,1131277493674156032
1131296391421153281,2019-05-22 20:30:52,@FelixVHV We willen je adviseren om ons even te bellen op het volgende telefoonnummer 020 - 4747 747 optie 2. Onze collega's assisteren je graag.,1.1312837116795085e+18,2186639444.0,nl,56377143,@felixvhv we willen je adviseren om ons even te bellen op het volgende telefoonnummer 020 4747 747 optie 2 onze collegas assisteren je graag,1131277493674156032
1131281460571365382,2019-05-22 19:31:33,Dear @klm it‚Äôs not the first it‚Äôs not the second it‚Äôs not the 3rd I‚Äôm having issues with your service. But I keep coming back. It seems you take your customers for granted and will only take up issues when it‚Äôs made public,,,en,824024262386286592,dear @klm its not the first its not the second its not the 3rd im having issues with your service but i keep coming back it seems you take your customers for granted and will only take up issues when its made public,1131281460571365382
1131282736633864195,2019-05-22 19:36:37,"@AmyBDanquah Hello Aimee, we regret hearing this. We would like to learn more about your experience. Could you please send us a Direct Message about this so we can discuss them further? Thank you!",1.1312814605713654e+18,8.240242623862866e+17,en,56377143,@amybdanquah hello aimee we regret hearing this we would like to learn more about your experience could you please send us a direct message about this so we can discuss them further? thank you!,1131281460571365382
1131281689051828224,2019-05-22 19:32:27,"Big thanks to @airfrance and @KLM  for allowing a delay from BUD to CDG which was scheduled to depart at 12:10 that meant i missed my connecting flight. 6.5 hour wait in CDG and when it comes to boarding, tell me my #flybluepetrolium card doesnt entitle me to priority boarding.",,,en,977096243204804608,big thanks to @airfrance and @klm for allowing a delay from bud to cdg which was scheduled to depart at 1210 that meant i missed my connecting flight 65 hour wait in cdg and when it comes to boarding tell me my #flybluepetrolium card doesnt entitle me to priority boarding,1131281689051828224
1131283320266993664,2019-05-22 19:38:56,"@les_peacock_87 If all your flights are booked in one ticket, you will be automatically rebooked to the next available flight if you miss your connection in the unfortunate event of a delay.",1.1312816890518282e+18,9.770962432048046e+17,en,56377143,@les_peacock_87 if all your flights are booked in one ticket you will be automatically rebooked to the next available flight if you miss your connection in the unfortunate event of a delay,1131281689051828224
1131283955230105605,2019-05-22 19:41:27,"@KLM Which i was.

The next flight was 6.5 hours later which we are about to board.

What is the point in having a sky blue petroleum account if you are not able to use priority boarding after sitting aimlessly in an airport for 6.5 hours for something which is not your fault?",1.1312833202669937e+18,56377143.0,en,977096243204804608,@klm which i was the next flight was 65 hours later which we are about to board what is the point in having a sky blue petroleum account if you are not able to use priority boarding after sitting aimlessly in an airport for 65 hours for something which is not your fault?,1131281689051828224
1131285326385885185,2019-05-22 19:46:54,"@les_peacock_87 We truly regret the inconvenience this unwanted delay has brought, Les. Thank you for understanding.",1.1312839552301056e+18,9.770962432048046e+17,en,56377143,@les_peacock_87 we truly regret the inconvenience this unwanted delay has brought les thank you for understanding,1131281689051828224
1131285879450984452,2019-05-22 19:49:06,"@KLM You miss the point. 

I dont understand. 

I accept flights are delayed; but i dont understand how your staff dont understand the benefits of certain memberships, nor can they do anything to mitigate the inconvenience",1.1312853263858852e+18,56377143.0,en,977096243204804608,@klm you miss the point i dont understand i accept flights are delayed but i dont understand how your staff dont understand the benefits of certain memberships nor can they do anything to mitigate the inconvenience,1131281689051828224
1131287838216081408,2019-05-22 19:56:53,@les_peacock_87 We appreciate you bringing this to our attention. We truly value your feedback. We will relay your message regarding this to the relevant department. Thank you.,1.1312858794509844e+18,9.770962432048046e+17,en,56377143,@les_peacock_87 we appreciate you bringing this to our attention we truly value your feedback we will relay your message regarding this to the relevant department thank you,1131281689051828224
1131282551224586248,2019-05-22 19:35:53,#KLM @klm A Strong and Lasting Logo https://t.co/m6GVs8KoV0 I found this pedant or keyring in an old box today. I wonder what it is and from which time it originates. Can you possibly help ? https://t.co/EDPV3yfPJl,,,en,699959204371632131,#klm @klm a strong and lasting logo i found this pedant or keyring in an old box today i wonder what it is and from which time it originates can you possibly help ?,1131282551224586248
1131284867411529728,2019-05-22 19:45:05,@Duenengeist This is such a wonderful find! We are going to check this on our history and will let you know as soon as possible.,1.1312825512245862e+18,6.999592043716321e+17,en,56377143,@duenengeist this is such a wonderful find! we are going to check this on our history and will let you know as soon as possible,1131282551224586248
1131870841447288833,2019-05-24 10:33:32,"@Duenengeist We're back as promised. Upon checking, we can see that this pendant looks like from the 50's. We are unable to find the exact date, but this is certainly sixty years old. We hope this clarifies.",1.1312825512245862e+18,6.999592043716321e+17,en,56377143,@duenengeist were back as promised upon checking we can see that this pendant looks like from the 50s we are unable to find the exact date but this is certainly sixty years old we hope this clarifies,1131282551224586248
1133614271210971136,2019-05-29 06:01:18,@KLM Thank you very much for finding out. I will try to find out more about it next weekend. I still have some boxes and paperwork to go through...,1.1318708414472888e+18,56377143.0,en,699959204371632131,@klm thank you very much for finding out i will try to find out more about it next weekend i still have some boxes and paperwork to go through,1131282551224586248
1133615618345832449,2019-05-29 06:06:39,@Duenengeist No worries! Let us know should you have further queries! ‚úàÔ∏è,1.1336142712109711e+18,6.999592043716321e+17,en,56377143,@duenengeist no worries! let us know should you have further queries!,1131282551224586248
1131289828539162624,2019-05-22 20:04:48,"@KLM put Inge and me in separate rows today and then wanted to charge us 200-plus euros to switch seats and sit together. Otherwise, nice flight with very helpful staff.",,56377143.0,en,105558773,@klm put inge and me in separate rows today and then wanted to charge us 200plus euros to switch seats and sit together otherwise nice flight with very helpful staff,1131289828539162624
1131291899925540865,2019-05-22 20:13:01,"@dabaird On most of our flights payment is required during the Advanced Seat Reservation process. The reason behind this is that the ‚Äôfirst come, first served‚Äô seating model lacks the flexibility our passengers desire. Our most loyal frequent flyers and passengers with reduced mobility &gt;&gt;",1.1312898285391626e+18,105558773.0,en,56377143,@dabaird on most of our flights payment is required during the advanced seat reservation process the reason behind this is that the first come first served seating model lacks the flexibility our passengers desire our most loyal frequent flyers and passengers with reduced mobility gtgt,1131289828539162624
1131292022655070208,2019-05-22 20:13:31,@dabaird were not always able to choose their seat of preference and families with young children were not always seated together. During (online) check-in all standard Economy Seats are free for all of our passengers. More information can be found via: https://t.co/Np1K85V3ka. &gt;&gt;,1.1312898285391626e+18,105558773.0,en,56377143,@dabaird were not always able to choose their seat of preference and families with young children were not always seated together during online checkin all standard economy seats are free for all of our passengers more information can be found via gtgt,1131289828539162624
1131554489763340290,2019-05-23 13:36:28,"@KLM Not sure I‚Äôm buying this, but whatever. Don‚Äôt bother to respond.",1.1312920226550702e+18,56377143.0,en,105558773,@klm not sure im buying this but whatever dont bother to respond,1131289828539162624
1131292177240350725,2019-05-22 20:14:08,"@dabaird Nonetheless., we are glad to know you have enjoyed your flight with us, David! Thank you!",1.1312898285391626e+18,105558773.0,en,56377143,@dabaird nonetheless we are glad to know you have enjoyed your flight with us david! thank you!,1131289828539162624
1131295132899323904,2019-05-22 20:25:52,"@KLM I forgot a German language learning book in the seat pocket in front of my seat! My flight details: Seat 11D, KL1849 from Amsterdam to Vienna, 20th May 2019. The book is titled 'MENSCHEN' (A2.1). Could you please try to find it asap? It has my study notes for examination!",,56377143.0,en,936523062262026240,@klm i forgot a german language learning book in the seat pocket in front of my seat! my flight details seat 11d kl1849 from amsterdam to vienna 20th may 2019 the book is titled menschen a21 could you please try to find it asap? it has my study notes for examination!,1131295132899323904
1131296734892761088,2019-05-22 20:32:14,@UnesLiu We are sorry to read that you lost your belonging on board. We would like to advise you to contact the Lost &amp; Found department of the airport of arrival. We hope that it has been found!,1.1312951328993239e+18,9.365230622620262e+17,en,56377143,@unesliu we are sorry to read that you lost your belonging on board we would like to advise you to contact the lost amp found department of the airport of arrival we hope that it has been found!,1131295132899323904
1131296967366238208,2019-05-22 20:33:10,Flying @KLM is always a pleasure. #kl1634 https://t.co/GBK20ikGZd,,,en,217394619,flying @klm is always a pleasure #kl1634,1131296967366238208
1131298521129340928,2019-05-22 20:39:20,@Golf_Tiger We hope you've enjoyed your flight with us!,1.1312969673662382e+18,217394619.0,en,56377143,@golf_tiger we hope youve enjoyed your flight with us!,1131296967366238208
1131298235165945856,2019-05-22 20:38:12,???,,,und,1104387034192506881,???,1131298235165945856
1131299507222786048,2019-05-22 20:43:15,"@MeerbosSt Wat kunnen we voor je doen? Gaat het om een boeking, stuur ons dan een DM met je boekingscode.",1.1312982351659459e+18,1.1043870341925069e+18,nl,56377143,@meerbosst wat kunnen we voor je doen? gaat het om een boeking stuur ons dan een dm met je boekingscode,1131298235165945856
1131301934487490561,2019-05-22 20:52:54,"@KLM tnv:Stichting Meerbos
Burgemeester Renkenlaan 9
8162 CW EPE

BANK: Triodos Bank
IBAN: NL81 TRIO 0338 8434 42",1.131299507222786e+18,56377143.0,nl,1104387034192506881,@klm tnvstichting meerbos burgemeester renkenlaan 9 8162 cw epe bank triodos bank iban nl81 trio 0338 8434 42,1131298235165945856
1131302087999021057,2019-05-22 20:53:31,@KLM Ja graag een overboeking @klm,1.1313019344874906e+18,1.1043870341925069e+18,nl,1104387034192506881,@klm ja graag een overboeking @klm,1131298235165945856
1131302561120686080,2019-05-22 20:55:23,"@KLM Graag een overboeking @klm 
tnv:stichting Meerbos

BANK: Triodos Bank
IBAN: NL81 TRIO 0338 8434 42",1.131299507222786e+18,56377143.0,nl,1104387034192506881,@klm graag een overboeking @klm tnvstichting meerbos bank triodos bank iban nl81 trio 0338 8434 42,1131298235165945856
1131299810294812674,2019-05-22 20:44:27,@KLM im trying to access my FBlue account but it isnt recognised! Help,,56377143.0,en,66505878,@klm im trying to access my fblue account but it isnt recognised! help,1131299810294812674
1131301811242115074,2019-05-22 20:52:25,@stevejc We would like to assist you. Could you send us a DM so that we may ask you for more information?,1.1312998102948127e+18,66505878.0,en,56377143,@stevejc we would like to assist you could you send us a dm so that we may ask you for more information?,1131299810294812674
1131300511704145920,2019-05-22 20:47:15,@KLM Oh nee! Mis ik deze actie nu omdat ik proactief al vluchten heb geboekt? Krijg net pas de mail dat jullie een schitterende korting aanbieden voor marathonlopers zoals ik. | #maratonvalencia https://t.co/JbAnRWpGyR,,56377143.0,nl,116176721,@klm oh nee! mis ik deze actie nu omdat ik proactief al vluchten heb geboekt? krijg net pas de mail dat jullie een schitterende korting aanbieden voor marathonlopers zoals ik #maratonvalencia,1131300511704145920
1131306726421086208,2019-05-22 21:11:56,"@jolandavginkel Goedenavond Jolanda, bedankt voor je bericht. Het is helaas niet mogelijk om achteraf een korting op je boeking te verrekenen. De prijs van een ticket kan stijgen aan de hand van de beschikbaarheid op het moment van boeken. &gt;&gt;&gt;",1.1313005117041459e+18,116176721.0,nl,56377143,@jolandavginkel goedenavond jolanda bedankt voor je bericht het is helaas niet mogelijk om achteraf een korting op je boeking te verrekenen de prijs van een ticket kan stijgen aan de hand van de beschikbaarheid op het moment van boeken gtgtgt,1131300511704145920
1131307140575059971,2019-05-22 21:13:35,@KLM Jammer zeg!,1.1313067264210862e+18,56377143.0,nl,116176721,@klm jammer zeg!,1131300511704145920
1131307326756007938,2019-05-22 21:14:20,"@jolandavginkel Om als eerste op de hoogte te zijn van de beste deals en speciale aanbiedingen van KLM, kun je je hier: https://t.co/rm6eC8nYDa eenvoudig inschrijven voor onze nieuwsbrief.  Mogen er nog onduidelijkheden zijn, stuur ons dan gerust even een DM. We helpen je daar graag verder. &lt;&lt;&lt;",1.1313005117041459e+18,116176721.0,nl,56377143,@jolandavginkel om als eerste op de hoogte te zijn van de beste deals en speciale aanbiedingen van klm kun je je hier eenvoudig inschrijven voor onze nieuwsbrief mogen er nog onduidelijkheden zijn stuur ons dan gerust even een dm we helpen je daar graag verder ltltlt,1131300511704145920
1131307692453179392,2019-05-22 21:15:47,@KLM Die nieuwsbrief ontvang ik uiteraard als trouwe KLM-reiziger al. Daar stond helaas niets over deze actie in. Alsnog dank voor de tip!,1.131307326756008e+18,56377143.0,nl,116176721,@klm die nieuwsbrief ontvang ik uiteraard als trouwe klmreiziger al daar stond helaas niets over deze actie in alsnog dank voor de tip!,1131300511704145920
1131308540218318848,2019-05-22 21:19:09,How come my luggage got into LAX at 12pm after a 24 hour wait and is only being arranged for collection at 5pm by the carrier? I could have turned up to the airport to collect it myself and come back in that time @KLM @KLM_US,,,en,904816604315308035,how come my luggage got into lax at 12pm after a 24 hour wait and is only being arranged for collection at 5pm by the carrier? i could have turned up to the airport to collect it myself and come back in that time @klm @klm_us,1131308540218318848
1131309554921353219,2019-05-22 21:23:11,@mary_mattel We would gladly assist you with this. Can you please send us your booking code in a DM?,1.1313085402183188e+18,9.04816604315308e+17,en,56377143,@mary_mattel we would gladly assist you with this can you please send us your booking code in a dm?,1131308540218318848
1131310349800525824,2019-05-22 21:26:20,@KLM I have sent further information by DM,1.1313095549213532e+18,56377143.0,en,904816604315308035,@klm i have sent further information by dm,1131308540218318848
1131312081771401218,2019-05-22 21:33:13,"@mary_mattel We have just responded to your DM, Mary.",1.1313103498005258e+18,9.04816604315308e+17,en,56377143,@mary_mattel we have just responded to your dm mary,1131308540218318848
1131310237288415233,2019-05-22 21:25:53,"@alfredoferrante @KLM @KLM_ITA E sono gentili e sorridenti. Si mangia anche benino. My favorite Airlines! (Pardon, Air France).",1.1311277874509701e+18,106204756.0,it,884087425,@alfredoferrante @klm @klm_ita e sono gentili e sorridenti si mangia anche benino my favorite airlines! pardon air france,1131310237288415233
1131311961617121281,2019-05-22 21:32:45,"@nicolettagiust1 @nicolettagiust1 Ciao Nicoletta, grazie per averci scritto. Ti ringraziamo per il tuo feedback e ti auguriamo una buona giornata! :)",1.1313102372884152e+18,884087425.0,it,56377143,@nicolettagiust1 @nicolettagiust1 ciao nicoletta grazie per averci scritto ti ringraziamo per il tuo feedback e ti auguriamo una buona giornata!,1131310237288415233
1131318811553095681,2019-05-22 21:59:58,"@KLM can't book tickets by the app or website, and in queue on phone for ages....what to do?",,56377143.0,en,254475372,@klm cant book tickets by the app or website and in queue on phone for ageswhat to do?,1131318811553095681
1131319831238725643,2019-05-22 22:04:01,"@kantrellk We'd like to check this for you. Can you share the booking code via Direct Message? If you did not receive a booking code yet, we 'd be happy to create one for you too.",1.1313188115530957e+18,254475372.0,en,56377143,@kantrellk wed like to check this for you can you share the booking code via direct message? if you did not receive a booking code yet we d be happy to create one for you too,1131318811553095681
1131320607340158978,2019-05-22 22:07:06,@KLM Dm sent üëç,1.1313198312387256e+18,56377143.0,en,254475372,@klm dm sent,1131318811553095681
1131322125644468224,2019-05-22 22:13:08,"@KLM Well I would want to believe that, but your team opened the carry on bag (because your plane didn‚Äôt have enough space üôÑ) of my sister and steal some stuff from her, now what about that??? #crappyservice #tea #steal #KLM",1.1308428525298606e+18,56377143.0,en,57858737,@klm well i would want to believe that but your team opened the carry on bag because your plane didnt have enough space of my sister and steal some stuff from her now what about that??? #crappyservice #tea #steal #klm,1131322125644468224
1131324667615223808,2019-05-22 22:23:14,@SofiaMeansIt We regret to read about this unfortunate experience and can understand your disappointment. &gt;&gt;,1.1313221256444682e+18,57858737.0,en,56377143,@sofiameansit we regret to read about this unfortunate experience and can understand your disappointment gtgt,1131322125644468224
1131324722279526400,2019-05-22 22:23:27,@SofiaMeansIt &gt;&gt; You can file a claim with our Customer Care colleagues via the following link: https://t.co/I5jxQvO1j0. We also recommend you contact the local authorities in regard to these items missing from your baggage.,1.1313221256444682e+18,57858737.0,en,56377143,@sofiameansit gtgt you can file a claim with our customer care colleagues via the following link we also recommend you contact the local authorities in regard to these items missing from your baggage,1131322125644468224
1131320146029629441,2019-05-22 22:05:16,@KLM The officier from @Deltairworld left the counter when I complained about this during our luggage check-in. He closed the counter and left us standing there for 25 minutes! #badservice #klm https://t.co/U6E4p5WjYz,1.1309189550344315e+18,92313276.0,en,92313276,@klm the officier from @deltairworld left the counter when i complained about this during our luggage checkin he closed the counter and left us standing there for 25 minutes! #badservice #klm,1131320146029629441
1131326740901580800,2019-05-22 22:31:28,@yvonnesmits We appreciate you bringing this to our attention. We truly value your feedback. We will relay your message regarding this to the relevant department. Thank you.,1.1313201460296294e+18,92313276.0,en,56377143,@yvonnesmits we appreciate you bringing this to our attention we truly value your feedback we will relay your message regarding this to the relevant department thank you,1131320146029629441
1131332452461494274,2019-05-22 22:54:10,@KLM pls explain to me how you have left my bag in Amsterdam after I‚Äôve paid a business class upgrade? Stranded with nothing in Ecuador now!,,56377143.0,en,32855442,@klm pls explain to me how you have left my bag in amsterdam after ive paid a business class upgrade? stranded with nothing in ecuador now!,1131332452461494274
1131338958997266434,2019-05-22 23:20:01,"@miguelcampbell Our sincere apologies for the delayed baggage, Miguel. With your PIR (Property Irregularity Report) code and name, you can check the status of your baggage via: https://t.co/jofmUthCoz. All updates will be published there.",1.1313324524614943e+18,32855442.0,en,56377143,@miguelcampbell our sincere apologies for the delayed baggage miguel with your pir property irregularity report code and name you can check the status of your baggage via all updates will be published there,1131332452461494274
1131350048665681920,2019-05-23 00:04:05,"@DanaeoContreras Hola Daniela, proporcionanos tu nombre completo, c√≥digo de reserva, n√∫mero de billete y correo electr√≥nico a trav√©s de DM para poder revisar las opciones.",1.1313488660355195e+18,9.102240684980675e+17,es,56377143,@danaeocontreras hola daniela proporcionanos tu nombre completo c√≥digo de reserva n√∫mero de billete y correo electr√≥nico a trav√©s de dm para poder revisar las opciones,1131350048665681920
1131387580606320642,2019-05-23 02:33:14,Isn‚Äôt she pretty? @KLM üòç https://t.co/57FSQsq5tc,,,en,1009837349033869317,isnt she pretty? @klm,1131387580606320642
1131389024734781442,2019-05-23 02:38:58,"@vuelogs What a lovely view indeed, Robin! :)",1.1313875806063206e+18,1.0098373490338693e+18,en,56377143,@vuelogs what a lovely view indeed robin!,1131387580606320642
1131409400978132992,2019-05-23 03:59:56,"@KLM Tijdens de paar minuten van het boeken van mijn bagage, steeg mijn totaalprijs van  2.600 naar 4.170! Een stijging van ca. 60%!? Welk email adres kan ik gebruiken om dit te laten corrigeren?",,56377143.0,nl,1263267780,@klm tijdens de paar minuten van het boeken van mijn bagage steeg mijn totaalprijs van 2600 naar 4170! een stijging van ca 60!? welk email adres kan ik gebruiken om dit te laten corrigeren?,1131409400978132992
1131412174222577671,2019-05-23 04:10:57,"@KlarenW Goedemorgen, bedankt voor  je bericht.  Het huidige boekingsproces op https://t.co/SvTpHgyA45 is verdeeld in 2 stappen. Niet iedereen die op een tarief op onze website klikt, maakt vervolgens een boeking. &gt;&gt;&gt;",1.131409400978133e+18,1263267780.0,nl,56377143,@klarenw goedemorgen bedankt voor je bericht het huidige boekingsproces op is verdeeld in 2 stappen niet iedereen die op een tarief op onze website klikt maakt vervolgens een boeking gtgtgt,1131409400978132992
1131412267457814528,2019-05-23 04:11:19,"@KlarenW Wanneer je daadwerkelijk je boeking bevestigt of gebruik maakt van de ‚ÄòTime to Think‚Äô optie, doet de software nog een keer een check op de beschikbaarheid. &gt;&gt;&gt;",1.131409400978133e+18,1263267780.0,nl,56377143,@klarenw wanneer je daadwerkelijk je boeking bevestigt of gebruik maakt van de time to think optie doet de software nog een keer een check op de beschikbaarheid gtgtgt,1131409400978132992
1131412499402756097,2019-05-23 04:12:15,"@KlarenW Het kan zijn dat de beschikbaarheid, en daarmee het tarief, net zijn veranderd. We zijn ons bewust van de verwarring en teleurstelling die dit kan opleveren, en onderzoeken de mogelijkheden om deze extra check overbodig te maken.  &lt;&lt;&lt;",1.131409400978133e+18,1263267780.0,nl,56377143,@klarenw het kan zijn dat de beschikbaarheid en daarmee het tarief net zijn veranderd we zijn ons bewust van de verwarring en teleurstelling die dit kan opleveren en onderzoeken de mogelijkheden om deze extra check overbodig te maken ltltlt,1131409400978132992
1131417163754102784,2019-05-23 04:30:47,@KLM serious let down and when paying for a business ticket these problems shouldn‚Äôt occur. Apologising and reporting my tweet doesn‚Äôt help,,56377143.0,en,32855442,@klm serious let down and when paying for a business ticket these problems shouldnt occur apologising and reporting my tweet doesnt help,1131417163754102784
1131418315325415426,2019-05-23 04:35:21,@miguelcampbell We regret to hear this. Can you share the Property Irregularity Report (PIR) number via Direct Message so we can assist you?,1.1314171637541028e+18,32855442.0,en,56377143,@miguelcampbell we regret to hear this can you share the property irregularity report pir number via direct message so we can assist you?,1131417163754102784
1131433883243864064,2019-05-23 05:37:13,Wow. Wat een service. Ik weet weer waarom ik liever @KLM vlieg dan bepaalde andere maatschappijen. Kwam er vanmorgen achter dat ik mijn vlucht voor vrijdag ipv zaterdag had geboekt en zonder problemen omgeboekt naar zaterdag. Pluim voor #klm!,,,nl,475174110,wow wat een service ik weet weer waarom ik liever @klm vlieg dan bepaalde andere maatschappijen kwam er vanmorgen achter dat ik mijn vlucht voor vrijdag ipv zaterdag had geboekt en zonder problemen omgeboekt naar zaterdag pluim voor #klm!,1131433883243864064
1131435381860294656,2019-05-23 05:43:10,"@Anke_Vos Goed te horen Anke, dat je je vlucht nog kon wijzigen. Als je inderdaad op tijd bent, dan is dat nog mogelijk. Goede vlucht alvast gewenst! ‚úàÔ∏è",1.131433883243864e+18,475174110.0,nl,56377143,@anke_vos goed te horen anke dat je je vlucht nog kon wijzigen als je inderdaad op tijd bent dan is dat nog mogelijk goede vlucht alvast gewenst!,1131433883243864064
1131435963035656193,2019-05-23 05:45:29,@KLM Dank je! Echt superfijn hoor. Morgen ook de overdracht van ons huis dus kon ook echt niet een dagje eerder üôà.,1.1314353818602947e+18,56377143.0,nl,475174110,@klm dank je! echt superfijn hoor morgen ook de overdracht van ons huis dus kon ook echt niet een dagje eerder,1131433883243864064
1131437189961801728,2019-05-23 05:50:21,"@Anke_Vos Ah, kijk, dat kwam dus goed uit. Mooi zo! En nog veel plezier in jullie nieuwe woning!",1.1314359630356562e+18,475174110.0,nl,56377143,@anke_vos ah kijk dat kwam dus goed uit mooi zo! en nog veel plezier in jullie nieuwe woning!,1131433883243864064
1131435161076289536,2019-05-23 05:42:18,@KLM Only ONE agent at check in in Vienna?!? Absurd. You need more people!,,56377143.0,en,431903810,@klm only one agent at check in in vienna?!? absurd you need more people!,1131435161076289536
1131440362357235712,2019-05-23 06:02:58,@S3cretSquirrel We appreciate you bringing this to our attention. We will be sure to relay your message to the relevant department. Thank you.,1.1314351610762895e+18,431903810.0,en,56377143,@s3cretsquirrel we appreciate you bringing this to our attention we will be sure to relay your message to the relevant department thank you,1131435161076289536
1131447907364810753,2019-05-23 06:32:57,"@KLM I left a blue journal with the word dream on the front on flight number KL0590 in seat number 35H. I left it in the book pouch, it means the world to me at the moment. If someone could let me know if they find it by tweeting me I would really appreciate it!",,56377143.0,en,2765251263,@klm i left a blue journal with the word dream on the front on flight number kl0590 in seat number 35h i left it in the book pouch it means the world to me at the moment if someone could let me know if they find it by tweeting me i would really appreciate it!,1131447907364810753
1131448924861030400,2019-05-23 06:36:59,@mbraley_31 We are sorry to read that you lost your Journal on board. We would like to advise you to contact the Lost &amp; Found department of the airport of arrival. We hope that it has been found!,1.1314479073648108e+18,2765251263.0,en,56377143,@mbraley_31 we are sorry to read that you lost your journal on board we would like to advise you to contact the lost amp found department of the airport of arrival we hope that it has been found!,1131447907364810753
1131448315357347843,2019-05-23 06:34:34,"@KLM By chance would you please check flight 590 Accra-Amsterdam 5/22/19. My daughter left journal in seatback 35H. Blue,Dream front, Ghanna entries. Means SO much. 270-993-6598,gwen.roby66@gmail.com",,56377143.0,en,84214421,@klm by chance would you please check flight 590 accraamsterdam 52219 my daughter left journal in seatback 35h bluedream front ghanna entries means so much 2709936598gwenroby66@gmailcom,1131448315357347843
1131449407017291776,2019-05-23 06:38:54,@gskirkrn We are sorry to read that your daughter left her journal on board. We would like to advise you to contact the Lost &amp; Found department of the airport of arrival. We hope that it has been found!,1.1314483153573478e+18,84214421.0,en,56377143,@gskirkrn we are sorry to read that your daughter left her journal on board we would like to advise you to contact the lost amp found department of the airport of arrival we hope that it has been found!,1131448315357347843
1131449625578278912,2019-05-23 06:39:46,@KLM Would lost and found have it if she left it in the seatback where magazines are located?,1.1314494070172918e+18,56377143.0,en,84214421,@klm would lost and found have it if she left it in the seatback where magazines are located?,1131448315357347843
1131451060550283266,2019-05-23 06:45:28,"@gskirkrn Hello Gwen! We have highly advise against sharing your any personal information via public post.  For items lost on an Amsterdam-bound, KLM flight, please send a Direct Message with your name as stated on ticket, flight number, flight date, booking code, seat number, &gt;&gt;&gt;",1.1314496255782789e+18,84214421.0,en,56377143,@gskirkrn hello gwen! we have highly advise against sharing your any personal information via public post for items lost on an amsterdambound klm flight please send a direct message with your name as stated on ticket flight number flight date booking code seat number gtgtgt,1131448315357347843
1131451367657267200,2019-05-23 06:46:42,"@gskirkrn &lt;&lt;&lt; , email address, phone number and description of the item. Otherwise, please contact the airport of arrival.  Furthermore, please delete your tweet containing any personal information and continue the conversation via DM so we can assist you accordingly.",1.1314496255782789e+18,84214421.0,en,56377143,@gskirkrn ltltlt email address phone number and description of the item otherwise please contact the airport of arrival furthermore please delete your tweet containing any personal information and continue the conversation via dm so we can assist you accordingly,1131448315357347843
1131450223082037248,2019-05-23 06:42:09,"Thank you @KLM ! My flight to Sydney was cancelled and automatically rebooked with a 14 hr delay. But one phone call with your amazing help center later I'm now booked on a different route (a bit more flight time, but hey) and arriving even sooner. YOU ROCK‚ù£‚ù£‚ù£thank you again!",,,en,62505151,thank you @klm ! my flight to sydney was cancelled and automatically rebooked with a 14 hr delay but one phone call with your amazing help center later im now booked on a different route a bit more flight time but hey and arriving even sooner you rockthank you again!,1131450223082037248
1131452882539220992,2019-05-23 06:52:43,"@ingrid_wien Thank you for letting us know that you have been in contact with our colleagues. We are confident that they have assisted you throughout. Furthermore, we truly appreciate your feedback. We will be sure to relay your message to the relevant department. Thank you.",1.1314502230820372e+18,62505151.0,en,56377143,@ingrid_wien thank you for letting us know that you have been in contact with our colleagues we are confident that they have assisted you throughout furthermore we truly appreciate your feedback we will be sure to relay your message to the relevant department thank you,1131450223082037248
1131453312480546816,2019-05-23 06:54:25,"@KLM Your ""ground crew"" was exceptional. Thank you for your help.  They saved the day with a short phone call. Thank you again",1.131452882539221e+18,56377143.0,en,62505151,@klm your ground crew was exceptional thank you for your help they saved the day with a short phone call thank you again,1131450223082037248
1131456085230067712,2019-05-23 07:05:26,"@ingrid_wien We're glad you enjoyed our service, Ingrid! We have replied to you via DM.",1.1314533124805468e+18,62505151.0,en,56377143,@ingrid_wien were glad you enjoyed our service ingrid! we have replied to you via dm,1131450223082037248
1131450235102924800,2019-05-23 06:42:12,Comment r√©server un bassinet pour b√©b√© ref V3EDUE@KLM,,,fr,1130436091264339968,comment r√©server un bassinet pour b√©b√© ref v3edue@klm,1131450235102924800
1131454250234580992,2019-05-23 06:58:09,"@caizhou6 Bonjour.  Un bassinet peut √™tre demand√© pour un b√©b√© de 1 an maximum, et qui ne mesure pas plus de 65 cm et ne p√®se pas plus de 10 kg le jour du voyage.  Vous pouvez en faire la demande via Mon Voyage (https://t.co/t8yCQWFQo4), puis d√©tails de voyage &gt; des services sp√©ciaux.",1.1314502351029248e+18,1.13043609126434e+18,fr,56377143,@caizhou6 bonjour un bassinet peut √™tre demand√© pour un b√©b√© de 1 an maximum et qui ne mesure pas plus de 65 cm et ne p√®se pas plus de 10 kg le jour du voyage vous pouvez en faire la demande via mon voyage puis d√©tails de voyage gt des services sp√©ciaux,1131450235102924800
1131474875623907329,2019-05-23 08:20:06,@KLM Goedemorgen! Zijn er momenteel problemen met het online wijzigen van boekingen? Ik probeer de datum van mijn terug vlucht aan te passen maar loop steeds tegen een foutboodscap aan bij de laatste stap? Kunnen jullie dit eventueel via deze weg voor mij in orde brengen? &gt;&gt;,,56377143.0,nl,850768472082702337,@klm goedemorgen! zijn er momenteel problemen met het online wijzigen van boekingen? ik probeer de datum van mijn terug vlucht aan te passen maar loop steeds tegen een foutboodscap aan bij de laatste stap? kunnen jullie dit eventueel via deze weg voor mij in orde brengen? gtgt,1131474875623907329
1131474876693471234,2019-05-23 08:20:07,@KLM &gt;&gt; alvast bedankt! &gt;&gt; ^KD,1.1314748756239073e+18,8.507684720827023e+17,nl,850768472082702337,@klm gtgt alvast bedankt! gtgt kd,1131474875623907329
1131477448460328960,2019-05-23 08:30:20,"@TakodaTiger Hoi, niet dat wij weten op dit moment. Dank je wel in ieder geval om ons hierop te attenderen, we houden dit in de gaten. We gaan je zeker hiermee helpen. Kun je ons een DM sturen met je reisroute, reisdata en namen zoals in paspoort?",1.1314748756239073e+18,8.507684720827023e+17,nl,56377143,@takodatiger hoi niet dat wij weten op dit moment dank je wel in ieder geval om ons hierop te attenderen we houden dit in de gaten we gaan je zeker hiermee helpen kun je ons een dm sturen met je reisroute reisdata en namen zoals in paspoort?,1131474875623907329
1131477776379387904,2019-05-23 08:31:38,"@KLM zouden jullie reeds moeten hebben als het goed is, Thanks again!",1.131477448460329e+18,56377143.0,nl,850768472082702337,@klm zouden jullie reeds moeten hebben als het goed is thanks again!,1131474875623907329
1131476827640422401,2019-05-23 08:27:52,Fantastische service van #KLM mijn bagage achterlaten in Amsterdam. Sta nu in Straatsburg en kan niets doen!,,,nl,522157973,fantastische service van #klm mijn bagage achterlaten in amsterdam sta nu in straatsburg en kan niets doen!,1131476827640422401
1131478457509122048,2019-05-23 08:34:20,"@verbalediarree Hoi, vervelend om te horen van je bagage. Heb je hiervoor al een rapport aangemaakt? Als je dit nog moet doen, kun je dit doen via: https://t.co/zpPcqqlxQq.",1.1314768276404224e+18,522157973.0,nl,56377143,@verbalediarree hoi vervelend om te horen van je bagage heb je hiervoor al een rapport aangemaakt? als je dit nog moet doen kun je dit doen via,1131476827640422401
1131484344625848320,2019-05-23 08:57:44,@KLM Vanwege onderhoud van de bagageband is de koffer waarschijnlijk niet meegekomen. Toen ik de medewerker erop aansprak dat ik zeker moest weten of de koffer meeging kreeg ik de mededeling dat ik niet zijn leidinggevende was. üò§ resultaat nu bekend.,1.131478457509122e+18,56377143.0,nl,522157973,@klm vanwege onderhoud van de bagageband is de koffer waarschijnlijk niet meegekomen toen ik de medewerker erop aansprak dat ik zeker moest weten of de koffer meeging kreeg ik de mededeling dat ik niet zijn leidinggevende was resultaat nu bekend,1131476827640422401
1131485583954591746,2019-05-23 09:02:39,@verbalediarree Kun je ons een DM sturen zodat wij daar om meer gegevens kunnen vragen?,1.1314843446258483e+18,522157973.0,nl,56377143,@verbalediarree kun je ons een dm sturen zodat wij daar om meer gegevens kunnen vragen?,1131476827640422401
1131486423343915008,2019-05-23 09:05:59,@KLM Your team mistyped my @Delta Skymiles number at the airport for a recent trip. How do I get the credit for those miles? Is that with you or @Delta ? Thx!:),,56377143.0,en,49730068,@klm your team mistyped my @delta skymiles number at the airport for a recent trip how do i get the credit for those miles? is that with you or @delta ? thx!,1131486423343915008
1131488414677774336,2019-05-23 09:13:54,"@monicacparker We'd like to assist you further. In order to proceed, can you please share your booking code, ticket number, full name, Delta SkyMiles number, and email address?

We'll await your reply.",1.131486423343915e+18,49730068.0,en,56377143,@monicacparker wed like to assist you further in order to proceed can you please share your booking code ticket number full name delta skymiles number and email address? well await your reply,1131486423343915008
1131492268484042752,2019-05-23 09:29:13,@KLM Thx for a speedy response! I sent via DM.,1.1314884146777743e+18,56377143.0,en,49730068,@klm thx for a speedy response! i sent via dm,1131486423343915008
1131494002514169856,2019-05-23 09:36:06,"@monicacparker We have replied to your DM, Monica!",1.1314922684840428e+18,49730068.0,en,56377143,@monicacparker we have replied to your dm monica!,1131486423343915008
1131494988850835457,2019-05-23 09:40:02,@KLM Ok looks like I need to manage this though @Delta @DeltaAssist. Ball‚Äôs in your court. Thanks @KLM,1.1314940025141699e+18,56377143.0,en,49730068,@klm ok looks like i need to manage this though @delta @deltaassist balls in your court thanks @klm,1131486423343915008
1131490147894218752,2019-05-23 09:20:47,"Ja het is weer zover, weer vertraging met de @klm geen info niks , de service gaat hard achteruit !!!",,,nl,46170438,ja het is weer zover weer vertraging met de @klm geen info niks de service gaat hard achteruit !!!,1131490147894218752
1131491693264547840,2019-05-23 09:26:56,"@gdm70 Hoi Gerard, wat vervelend dat je vlucht is vertraagd. Je kunt de actuele vluchtstatus vinden via: https://t.co/S56gbJUlfv. Indien je onze assistentie wenst, kun je dan je boekingscode sturen via DM? Dan kijken we graag met je mee!",1.1314901478942188e+18,46170438.0,nl,56377143,@gdm70 hoi gerard wat vervelend dat je vlucht is vertraagd je kunt de actuele vluchtstatus vinden via indien je onze assistentie wenst kun je dan je boekingscode sturen via dm? dan kijken we graag met je mee!,1131490147894218752
1131493431300300800,2019-05-23 09:33:50,@KLM is al 8 weken achter elkaar dat ik flink vertraging heb met de vlucht uit Norwich nr Amsterdam .,1.1314916932645478e+18,56377143.0,nl,46170438,@klm is al 8 weken achter elkaar dat ik flink vertraging heb met de vlucht uit norwich nr amsterdam,1131490147894218752
1131500688960315392,2019-05-23 10:02:41,"@gdm70 Dat klinkt inderdaad als een typisch geval van Murphy's Law in jouw geval, Gerard...üòï Mocht je een specifieke vraag hebben, dan ontvangen we graag in een DM je boekingscode en ticketnummer.",1.1314934313003008e+18,46170438.0,nl,56377143,@gdm70 dat klinkt inderdaad als een typisch geval van murphys law in jouw geval gerard mocht je een specifieke vraag hebben dan ontvangen we graag in een dm je boekingscode en ticketnummer,1131490147894218752
1131504857574191104,2019-05-23 10:19:15,@KLM het valt me wel op dat het altijd met die vluchten van Stobart air is #waardeloos #klm,1.1315006889603154e+18,56377143.0,nl,46170438,@klm het valt me wel op dat het altijd met die vluchten van stobart air is #waardeloos #klm,1131490147894218752
1131515334085750784,2019-05-23 11:00:52,"@gdm70 We begrijpen dat dit vervelend is, Gerard.  We proberen zoveel mogelijk onze vluchten, of het nu rechtstreeks met KLM is of via Stobart Air, op tijd te laten verlopen. Mocht je verder nog vragen hebben, dan horen we het graag.",1.1315048575741911e+18,46170438.0,nl,56377143,@gdm70 we begrijpen dat dit vervelend is gerard we proberen zoveel mogelijk onze vluchten of het nu rechtstreeks met klm is of via stobart air op tijd te laten verlopen mocht je verder nog vragen hebben dan horen we het graag,1131490147894218752
1131494477313527808,2019-05-23 09:38:00,Iemand ervaring met oplichterij van KLM#stoelen gereserveerd voor een reis naar India#‚Ç¨240 voor betaald#maar op het laatste moment waren de stoelen niet beschikbaar#krijg mijn geld niet terug#kleine lettertjes#ik noem het diefstal van KLM.#KLM,,,nl,727239336534659079,iemand ervaring met oplichterij van klm#stoelen gereserveerd voor een reis naar india#240 voor betaald#maar op het laatste moment waren de stoelen niet beschikbaar#krijg mijn geld niet terug#kleine lettertjes#ik noem het diefstal van klm#klm,1131494477313527808
1131498748385878017,2019-05-23 09:54:58,"@shasoom6 Hoi Bea, vervelend om te horen dat je gereserveerde stoelen niet meer beschikbaar waren. Begrijpen we goed dat je na afloop al wel een Customer Care dossier aangemaakt had via https://t.co/Iwlaea2hxG? Als je dat nog niet hebt gedaan, dan kun je dat via die link doen.  &gt;&gt;",1.1314944773135278e+18,7.272393365346591e+17,nl,56377143,@shasoom6 hoi bea vervelend om te horen dat je gereserveerde stoelen niet meer beschikbaar waren begrijpen we goed dat je na afloop al wel een customer care dossier aangemaakt had via als je dat nog niet hebt gedaan dan kun je dat via die link doen gtgt,1131494477313527808
1131498925347807232,2019-05-23 09:55:40,"@shasoom6 &gt;&gt; Mocht je verder nog vragen hebben, dan ontvangen we in een DM graag je boekingscode en ticketnummer.",1.1314944773135278e+18,7.272393365346591e+17,nl,56377143,@shasoom6 gtgt mocht je verder nog vragen hebben dan ontvangen we in een dm graag je boekingscode en ticketnummer,1131494477313527808
1131695560598142977,2019-05-23 22:57:02,"@KLM we hadden stoelen gereserveerd om priv√© reden wilden wij bij elkaar zitten en hebben ‚Ç¨240 voor betaald, maar op het laatste moment werd het door jullie gewijzigd, waar hebben wij voor betaald? 19 april Kl 871 dossiernummer [C-1033426

.",1.1314989253478072e+18,56377143.0,nl,727239336534659079,@klm we hadden stoelen gereserveerd om priv√© reden wilden wij bij elkaar zitten en hebben 240 voor betaald maar op het laatste moment werd het door jullie gewijzigd waar hebben wij voor betaald? 19 april kl 871 dossiernummer c1033426,1131494477313527808
1131702344712904705,2019-05-23 23:23:59,"@shasoom6 We willen je vriendelijk verzoeken om bovenstaande tweet te verwijderen, aangezien er privacygevoelige details in vermeld zijn. Uiteraard helpen we je graag, stuur je vraag en je persoonlijke informatie even in een DM naar ons. Gaan wij ermee aan de slag!",1.131695560598143e+18,7.272393365346591e+17,nl,56377143,@shasoom6 we willen je vriendelijk verzoeken om bovenstaande tweet te verwijderen aangezien er privacygevoelige details in vermeld zijn uiteraard helpen we je graag stuur je vraag en je persoonlijke informatie even in een dm naar ons gaan wij ermee aan de slag!,1131494477313527808
1131496056632557571,2019-05-23 09:44:16,Aeroflot maakt zulke super actie niet als KLM maakt voor scholieren die hebben zijn examen geslaagd! Ik vind zo super actie van KLM weer  geweldig!!! 3 jaar dat opa in Rusland is overleden!! Lieve opa ik mis je nog steeds!! Denken aan prachtige zwanen van KLM!!! https://t.co/Eqgvvzef48,,,nl,146872603,aeroflot maakt zulke super actie niet als klm maakt voor scholieren die hebben zijn examen geslaagd! ik vind zo super actie van klm weer geweldig!!! 3 jaar dat opa in rusland is overleden!! lieve opa ik mis je nog steeds!! denken aan prachtige zwanen van klm!!!,1131496056632557571
1131502675101659138,2019-05-23 10:10:34,"@AnastasiaSivach Hoi Anastasia, dat doet ieder jaar toch nog zeer, h√®..? üò¢ Sterkte..! üëä

Wij vinden het zelf ook een leuke actie, we hopen dat deze veel succes gaat hebben...üòä‚úàÔ∏è",1.1314960566325576e+18,146872603.0,nl,56377143,@anastasiasivach hoi anastasia dat doet ieder jaar toch nog zeer h√®? sterkte! wij vinden het zelf ook een leuke actie we hopen dat deze veel succes gaat hebben,1131496056632557571
1131503882079809536,2019-05-23 10:15:22,@KLM Hallo. Dat doet iedere jaar pijn! En 29.05 is 40 dagen dat neef in Rusland op 34 jaar in Rusland is overleden!! Ik wordt 35 27.01.2020! En neef zou worden 35 29.10.2019! Dank!! Mag jullie vanmiddag wat in DM vragen? Moet volgende week 2 keer naar dokter! Maar komt wel!,1.1315026751016591e+18,56377143.0,nl,146872603,@klm hallo dat doet iedere jaar pijn! en 2905 is 40 dagen dat neef in rusland op 34 jaar in rusland is overleden!! ik wordt 35 27012020! en neef zou worden 35 29102019! dank!! mag jullie vanmiddag wat in dm vragen? moet volgende week 2 keer naar dokter! maar komt wel!,1131496056632557571
1131504138624413696,2019-05-23 10:16:23,@KLM Als mag ik kom vanmiddag dan in DM en maak voor jullie schreenshot!!,1.1315026751016591e+18,56377143.0,nl,146872603,@klm als mag ik kom vanmiddag dan in dm en maak voor jullie schreenshot!!,1131496056632557571
1131505593175478272,2019-05-23 10:22:10,"@AnastasiaSivach Dat is apart ja, die getallen..
Dat is prima, we wachten je berichtje af!",1.1315041386244137e+18,146872603.0,nl,56377143,@anastasiasivach dat is apart ja die getallen dat is prima we wachten je berichtje af!,1131496056632557571
1131506625364320257,2019-05-23 10:26:16,@KLM Gelukkig ik denk altijd aan jullie prachtige zwanen en dat gaat wel! En jullie actie met scholieren ik vind wederom gaaf!! Ook ik ben allang super blij met jullie!!! Super bedankt voor alles en tot vanmiddag in DM! https://t.co/F4sHVbzgBd,1.1315055931754783e+18,56377143.0,nl,146872603,@klm gelukkig ik denk altijd aan jullie prachtige zwanen en dat gaat wel! en jullie actie met scholieren ik vind wederom gaaf!! ook ik ben allang super blij met jullie!!! super bedankt voor alles en tot vanmiddag in dm!,1131496056632557571
1131530740951392258,2019-05-23 12:02:06,@AnastasiaSivach Dank je wel! We zien je berichtje vanmiddag tegemoet! üëç,1.1315066253643203e+18,146872603.0,nl,56377143,@anastasiasivach dank je wel! we zien je berichtje vanmiddag tegemoet!,1131496056632557571
1131506452051374080,2019-05-23 10:25:35,@KLM check dm plz,,56377143.0,en,710209523798007808,@klm check dm plz,1131506452051374080
1131510780136951809,2019-05-23 10:42:47,@tommmmmyyk We replied to your DM.,1.1315064520513741e+18,7.102095237980078e+17,en,56377143,@tommmmmyyk we replied to your dm,1131506452051374080
1131511080297963521,2019-05-23 10:43:58,@KLM Replied,1.1315107801369518e+18,56377143.0,en,710209523798007808,@klm replied,1131506452051374080
1131515724835491840,2019-05-23 11:02:26,@tommmmmyyk Thank you.,1.1315110802979635e+18,7.102095237980078e+17,en,56377143,@tommmmmyyk thank you,1131506452051374080
1131511662224109568,2019-05-23 10:46:17,"@KLM Can each passenger take (pay for if necessary) a 23kg bag, as well as the cabin luggage, on flight KL1272 / KL1029, leaving 14.05 from Wroclaw, Copernicus Airport, to London, Heathrow Airport, Tue 6 Aug 2019?",,56377143.0,en,14431400,@klm can each passenger take pay for if necessary a 23kg bag as well as the cabin luggage on flight kl1272 kl1029 leaving 1405 from wroclaw copernicus airport to london heathrow airport tue 6 aug 2019?,1131511662224109568
1131516536131346433,2019-05-23 11:05:39,"@JonathanGunson We'd like to check this for you, Jonathan! In order to do so, can you please share your booking code, ticket number, and email address via DM? Thank you.",1.1315116622241096e+18,14431400.0,en,56377143,@jonathangunson wed like to check this for you jonathan! in order to do so can you please share your booking code ticket number and email address via dm? thank you,1131511662224109568
1131517265415815168,2019-05-23 11:08:33,@KLM Thanks will continue via DM.,1.1315165361313464e+18,56377143.0,en,14431400,@klm thanks will continue via dm,1131511662224109568
1131519138332061696,2019-05-23 11:15:59,@JonathanGunson We have replied to your DM!,1.1315172654158152e+18,14431400.0,en,56377143,@jonathangunson we have replied to your dm!,1131511662224109568
1131523529814335488,2019-05-23 11:33:26,"@KLM Sent another DM
Thanks",1.1315191383320617e+18,56377143.0,en,14431400,@klm sent another dm thanks,1131511662224109568
1131517779734142976,2019-05-23 11:10:35,Gaat lekker. Eerst heen vertraging en nu weer terug vertraging. Reden onbekend üòï @KLM wroclaw - Amsterdam,,,nl,86476693,gaat lekker eerst heen vertraging en nu weer terug vertraging reden onbekend @klm wroclaw amsterdam,1131517779734142976
1131520015709212672,2019-05-23 11:19:29,"@alexVonline Hoi, vervelend om te lezen dat je dubbel pech hebt. We kunnen even voor je kijken of we meer informatie hebben. Zou je ons in dat geval in een DM je ticketnummer en boekingscode willen sturen? NB: de meest actuele informatie vindt je op de borden in de vertrekhal.",1.131517779734143e+18,86476693.0,nl,56377143,@alexvonline hoi vervelend om te lezen dat je dubbel pech hebt we kunnen even voor je kijken of we meer informatie hebben zou je ons in dat geval in een dm je ticketnummer en boekingscode willen sturen? nb de meest actuele informatie vindt je op de borden in de vertrekhal,1131517779734142976
1131520488705015809,2019-05-23 11:21:21,@KLM Fijn dat de meeste boorden in de vertrekhal te vinden zijn. Duh... zie dm,1.1315200157092127e+18,56377143.0,nl,86476693,@klm fijn dat de meeste boorden in de vertrekhal te vinden zijn duh zie dm,1131517779734142976
1131524529862389760,2019-05-23 11:37:25,"@alexVonline DM gezien, we hebben je inmiddels ook beantwoord. We wensen je ieder geval toch nog een goede vlucht ondanks je vertraging. ‚úàÔ∏è",1.1315204887050158e+18,86476693.0,nl,56377143,@alexvonline dm gezien we hebben je inmiddels ook beantwoord we wensen je ieder geval toch nog een goede vlucht ondanks je vertraging,1131517779734142976
1131524932733739011,2019-05-23 11:39:01,@KLM Wat is jullie vertragingspercentage per maand?,1.1315245298623898e+18,56377143.0,nl,86476693,@klm wat is jullie vertragingspercentage per maand?,1131517779734142976
1131519381429731328,2019-05-23 11:16:57,@KLM  we have a trip for two people tonight from JRO to AMS (conf #: KBTMPE). Can we get confirmed seats?,,56377143.0,en,249664496,@klm we have a trip for two people tonight from jro to ams conf # kbtmpe can we get confirmed seats?,1131519381429731328
1131520551296602112,2019-05-23 11:21:36,"@djmogul We highly advise against sharing your booking code via public post, David. Please delete your tweet and send us your booking details (code, ticket numbers, full name, and email address) via DM instead so we can assist you further. Thank you.",1.1315193814297313e+18,249664496.0,en,56377143,@djmogul we highly advise against sharing your booking code via public post david please delete your tweet and send us your booking details code ticket numbers full name and email address via dm instead so we can assist you further thank you,1131519381429731328
1131530820034940928,2019-05-23 12:02:24,"@KLM what can I say, oh god!!! The most unprofessional flight ever??? Imagine you are sleeping in a 7 hours flight and the hosts pushes your arm in a very ‚Äúnot nice way‚Äù because she wants to pass by, you wake up like a mad person, why??!!!!",,56377143.0,en,125593385,@klm what can i say oh god!!! the most unprofessional flight ever??? imagine you are sleeping in a 7 hours flight and the hosts pushes your arm in a very not nice way because she wants to pass by you wake up like a mad person why??!!!!,1131530820034940928
1131531841624772608,2019-05-23 12:06:28,"@Shawki_alameh Thank you for bringing this to our attention. Could you kindly share your full name, flight number, date and seat number via a DM?",1.1315308200349409e+18,125593385.0,en,56377143,@shawki_alameh thank you for bringing this to our attention could you kindly share your full name flight number date and seat number via a dm?,1131530820034940928
1131538233249226752,2019-05-23 12:31:52,@KLM @AirFranceKLM very disappointed that KLM made a mistake crediting a flight to the wrong program and will not fix it. Should have been credited to @Delta. Was credited to @flyingblue  instead. I need those MQDs!,,56377143.0,en,635039691,@klm @airfranceklm very disappointed that klm made a mistake crediting a flight to the wrong program and will not fix it should have been credited to @delta was credited to @flyingblue instead i need those mqds!,1131538233249226752
1131541448665509888,2019-05-23 12:44:39,"@Traveling_Tiff Regrettably we are not able to assist you via this channel regarding your Flying Blue question. Please contact Flying Blue directly for assistance. This is possible via https://t.co/PC8cmcouUS, or by phone. &gt;&gt;&gt;",1.1315382332492268e+18,635039691.0,en,56377143,@traveling_tiff regrettably we are not able to assist you via this channel regarding your flying blue question please contact flying blue directly for assistance this is possible via or by phone gtgtgt,1131538233249226752
1131541859778596864,2019-05-23 12:46:17,@KLM I Did that and they said to go online,1.1315414486655099e+18,56377143.0,en,635039691,@klm i did that and they said to go online,1131538233249226752
1131543338308521984,2019-05-23 12:52:09,"@Traveling_Tiff Please send us your booking code, ticket number, Flying Blue number and email address via DM so we can assist you further.",1.1315418597785969e+18,635039691.0,en,56377143,@traveling_tiff please send us your booking code ticket number flying blue number and email address via dm so we can assist you further,1131538233249226752
1131541498288365568,2019-05-23 12:44:50,@Traveling_Tiff &lt;&lt;&lt;  From The Netherlands this is possible via 020 47 47 747 and from other countries: 00 33 1 58 68 68 68. Our apologies for any inconvenience.,1.1315382332492268e+18,635039691.0,en,56377143,@traveling_tiff ltltlt from the netherlands this is possible via 020 47 47 747 and from other countries 00 33 1 58 68 68 68 our apologies for any inconvenience,1131538233249226752
1131549984690790401,2019-05-23 13:18:34,"En jaaaaaa hoor, @KLM 1396 bijna 3 uur vertraagd √®n de @PulkovoAirport lounge is under reconstruction üòëüòë #FML",,,nl,2813328844,en jaaaaaa hoor @klm 1396 bijna 3 uur vertraagd √®n de @pulkovoairport lounge is under reconstruction #fml,1131549984690790401
1131554378001866754,2019-05-23 13:36:01,"@RutgerKosters Hoi Rutger, dat is inderdaad dubbele pech. Vervelend om te lezen dit. Als we je ergens mee kunnen helpen, dan ontvangen we graag je boekingscode en ticketnummer in een DM. In ieder geval ondanks alles toch nog een goede vlucht gewenst.",1.1315499846907904e+18,2813328844.0,nl,56377143,@rutgerkosters hoi rutger dat is inderdaad dubbele pech vervelend om te lezen dit als we je ergens mee kunnen helpen dan ontvangen we graag je boekingscode en ticketnummer in een dm in ieder geval ondanks alles toch nog een goede vlucht gewenst,1131549984690790401
1131558528404086784,2019-05-23 13:52:31,@KLM Due to delayed flight from istanbul to Amsterdam we have missed our connection flight to Santiago on 21st of may and we booked hotel in Amsterdam with our own employee of Klm in Amsterdam Airport.,,56377143.0,en,802845891296194561,@klm due to delayed flight from istanbul to amsterdam we have missed our connection flight to santiago on 21st of may and we booked hotel in amsterdam with our own employee of klm in amsterdam airport,1131558528404086784
1131559913086439424,2019-05-23 13:58:01,"@EdaObradovic We noticed that you have been in contact with us via Facebook and we are glad that you‚Äôve already received a response. We kindly ask you to keep the communication via one channel if possible, to avoid any confusion. &gt;&gt;&gt;",1.1315585284040868e+18,8.028458912961946e+17,en,56377143,@edaobradovic we noticed that you have been in contact with us via facebook and we are glad that youve already received a response we kindly ask you to keep the communication via one channel if possible to avoid any confusion gtgtgt,1131558528404086784
1131559961153212416,2019-05-23 13:58:12,"@EdaObradovic &lt;&lt;&lt; If you prefer to continue our conversation here, please let us know. Thank you for your understanding.",1.1315585284040868e+18,8.028458912961946e+17,en,56377143,@edaobradovic ltltlt if you prefer to continue our conversation here please let us know thank you for your understanding,1131558528404086784
1131561542078607363,2019-05-23 14:04:29,"@KLM AGAIN extremely disappointing experience flying with KLM...we have wedding tomorrow, almost missed connecting flight, crew assured us luggage was on next flight, landed this am but no luggage!!! luggage stuck in AMS &amp; DUS - been calling customer services all day! USELESS!!",,56377143.0,en,911178122,@klm again extremely disappointing experience flying with klmwe have wedding tomorrow almost missed connecting flight crew assured us luggage was on next flight landed this am but no luggage!!! luggage stuck in ams amp dus been calling customer services all day! useless!!,1131561542078607363
1131563001562189824,2019-05-23 14:10:17,"@tamasinemcnabb Our sincere apologies for the delayed baggage. With your PIR (Property Irregularity Report) code and name, you can check the status of your baggage via: https://t.co/jofmUthCoz. All updates will be published there.",1.1315615420786074e+18,911178122.0,en,56377143,@tamasinemcnabb our sincere apologies for the delayed baggage with your pir property irregularity report code and name you can check the status of your baggage via all updates will be published there,1131561542078607363
1131565578471313409,2019-05-23 14:20:32,"Beste @KLM ,hebben jullie storing op de website?? Kom niet verder dan vluchten kiezen en dan heb ik al minstens een uur een draaiend motortje in beeld???",,,nl,53851028,beste @klm hebben jullie storing op de website?? kom niet verder dan vluchten kiezen en dan heb ik al minstens een uur een draaiend motortje in beeld???,1131565578471313409
1131569072745963520,2019-05-23 14:34:25,"@Mariek68 Hallo Marieke, bedankt voor je berichtje.  Op dit moment is er bij ons geen storing bekend.  Begrijpen we goed dat je een nieuwe boeking wilt maken?  Mocht dit het geval zijn,  dan assisteren we je graag . Zou je ons een DM kunnen sturen?",1.1315655784713134e+18,53851028.0,nl,56377143,@mariek68 hallo marieke bedankt voor je berichtje op dit moment is er bij ons geen storing bekend begrijpen we goed dat je een nieuwe boeking wilt maken? mocht dit het geval zijn dan assisteren we je graag zou je ons een dm kunnen sturen?,1131565578471313409
1131569940291620865,2019-05-23 14:37:51,"@KLM Ik ga morgen boeken,maar wilde even kijken hoe en wat,en welke stoelen ik wilde boeken bv.Maar zo kom ik er helaas niet... Morgen beter hopelijk",1.1315690727459635e+18,56377143.0,nl,53851028,@klm ik ga morgen boekenmaar wilde even kijken hoe en waten welke stoelen ik wilde boeken bvmaar zo kom ik er helaas niet morgen beter hopelijk,1131565578471313409
1131576622228934656,2019-05-23 15:04:25,"@Mariek68 We raden je aan om te proberen je cookies te verwijderen, misschien dat dit het probleem verhelpt. Of eventueel de website te openen in een andere browser.  Mocht je morgen nog problemen hebben, dan horen wij het graag!",1.1315699402916209e+18,53851028.0,nl,56377143,@mariek68 we raden je aan om te proberen je cookies te verwijderen misschien dat dit het probleem verhelpt of eventueel de website te openen in een andere browser mocht je morgen nog problemen hebben dan horen wij het graag!,1131565578471313409
1131577388683411456,2019-05-23 15:07:27,"@KLM Ik heb die cookies al verwijderd,want de prijzen van de vliegreizen werden steeds hoger,hoe meer ik keek. Ik ga het morgen weer proberen,nog leuke aanbieding???  Hihi #durftevragen",1.1315766222289347e+18,56377143.0,nl,53851028,@klm ik heb die cookies al verwijderdwant de prijzen van de vliegreizen werden steeds hogerhoe meer ik keek ik ga het morgen weer proberennog leuke aanbieding??? hihi #durftevragen,1131565578471313409
1131586230175580167,2019-05-23 15:42:35,@Mariek68 Via de volgende link is het mogelijk om de aanbiedingen te bekijken van dit moment:  https://t.co/Vh2CB6qcNT.  Ook kan je als eerste op de hoogte zijn van de beste deals en speciale aanbiedingen via onze nieuwsbrief. Je kunt je hier: https://t.co/rm6eC8nYDa eenvoudig inschrijven.,1.1315773886834115e+18,53851028.0,nl,56377143,@mariek68 via de volgende link is het mogelijk om de aanbiedingen te bekijken van dit moment ook kan je als eerste op de hoogte zijn van de beste deals en speciale aanbiedingen via onze nieuwsbrief je kunt je hier eenvoudig inschrijven,1131565578471313409
1131588908347740161,2019-05-23 15:53:14,"@KLM Eerste link met aanbiedingen van dit moment werkt helaas niet. Voor nieuwsbrief ga ik me opgeven,maar zal te laat zijn voor aanbiedingen voor morgen...",1.1315862301755802e+18,56377143.0,nl,53851028,@klm eerste link met aanbiedingen van dit moment werkt helaas niet voor nieuwsbrief ga ik me opgevenmaar zal te laat zijn voor aanbiedingen voor morgen,1131565578471313409
1131592406992916481,2019-05-23 16:07:08,"@Mariek68 Onze excuses, via de volgende link zou het mogelijk moeten zijn om de aanbiedingen alsnog te bekijken: https://t.co/EGky79Urj2. Dat klopt, de nieuwsbrief zal je informeren over acties en speciale aanbiedingen die in de toekomst zullen worden aangeboden.",1.1315889083477402e+18,53851028.0,nl,56377143,@mariek68 onze excuses via de volgende link zou het mogelijk moeten zijn om de aanbiedingen alsnog te bekijken dat klopt de nieuwsbrief zal je informeren over acties en speciale aanbiedingen die in de toekomst zullen worden aangeboden,1131565578471313409
1131594429813460992,2019-05-23 16:15:10,"@KLM Bedankt voor volgende link,maar helaas niets voor mij bij. Package deals niet handig,daar ik geen hotel nodig heb( heb familie daar) , en World Business Class is voor iemand die in verpleging werkt,geen optie ü§™",1.1315924069929165e+18,56377143.0,nl,53851028,@klm bedankt voor volgende linkmaar helaas niets voor mij bij package deals niet handigdaar ik geen hotel nodig heb heb familie daar en world business class is voor iemand die in verpleging werktgeen optie,1131565578471313409
1131573321932234753,2019-05-23 14:51:18,@KLM  Hoping this tweet will reach your customer care reps! We're excited for our tip in July but there was an error on our booking. Thanks in advance for making this right!,,56377143.0,en,19720006,@klm hoping this tweet will reach your customer care reps! were excited for our tip in july but there was an error on our booking thanks in advance for making this right!,1131573321932234753
1131574651832946689,2019-05-23 14:56:35,@MsGoGetter We are here to assist you 24/7! Can you let us know how we can help you?,1.1315733219322348e+18,19720006.0,en,56377143,@msgogetter we are here to assist you 247! can you let us know how we can help you?,1131573321932234753
1131575640514281472,2019-05-23 15:00:31,"@KLM Thank you for responding! Yes, Please resolve and Respond to my online request for a booking and billing error. Can I DM the Case #?",1.1315746518329467e+18,56377143.0,en,19720006,@klm thank you for responding! yes please resolve and respond to my online request for a booking and billing error can i dm the case #?,1131573321932234753
1131577666459578368,2019-05-23 15:08:34,"@MsGoGetter We would like to assist you. Can you share your booking code, full name, flight number and flight date, and the payment type via DM so we can check?",1.1315756405142815e+18,19720006.0,en,56377143,@msgogetter we would like to assist you can you share your booking code full name flight number and flight date and the payment type via dm so we can check?,1131573321932234753
1131577841013800961,2019-05-23 15:09:15,"@KLM Thanks, i've seen the information!",1.1315776664595784e+18,56377143.0,en,19720006,@klm thanks ive seen the information!,1131573321932234753
1131578843758829568,2019-05-23 15:13:14,@MsGoGetter We have responded to your DM.,1.131577841013801e+18,19720006.0,en,56377143,@msgogetter we have responded to your dm,1131573321932234753
1131569825485066240,2019-05-23 14:37:24,"Zeer ongewenste telemarketing aangaande mijn @flyingbluenews lidmaatschap en dan weer gewezen worden op het bel-me-niet register. 

Wanneer gaan ze nou eens regelen dat je bestaande klanten ook niet mag lastigvallen met dit soort bullshit? @KLM",,,nl,43763476,zeer ongewenste telemarketing aangaande mijn @flyingbluenews lidmaatschap en dan weer gewezen worden op het belmeniet register wanneer gaan ze nou eens regelen dat je bestaande klanten ook niet mag lastigvallen met dit soort bullshit? @klm,1131569825485066240
1131577382840803336,2019-05-23 15:07:26,"@Roofkip Hallo Anne,  het spijt ons dit te lezen.  Zou je ons  verder kunnen toelichten over wat er gebeurd is?  We wachten je berichtje af.",1.1315698254850662e+18,43763476.0,nl,56377143,@roofkip hallo anne het spijt ons dit te lezen zou je ons verder kunnen toelichten over wat er gebeurd is? we wachten je berichtje af,1131569825485066240
1131579686222479361,2019-05-23 15:16:35,"@KLM Het gebruikelijke wat callcenters doen, bellen als je aan het werk bent en door blijven drammen, in dit geval over de mogelijkheden van mijn flying blue lidmaatschap. Ik had eigenlijk gehoopt (en verwacht) dat jullie dit soort opties niet zouden inzetten om klanten te benaderen..",1.1315773828408033e+18,56377143.0,nl,43763476,@klm het gebruikelijke wat callcenters doen bellen als je aan het werk bent en door blijven drammen in dit geval over de mogelijkheden van mijn flying blue lidmaatschap ik had eigenlijk gehoopt en verwacht dat jullie dit soort opties niet zouden inzetten om klanten te benaderen,1131569825485066240
1131580190205853697,2019-05-23 15:18:35,"@KLM En hartstikke leuk om meer uit mijn lidmaatschap te halen, maar stuur maar gewoon een mailtje met m‚Äôn opties üôÑ",1.1315773828408033e+18,56377143.0,nl,43763476,@klm en hartstikke leuk om meer uit mijn lidmaatschap te halen maar stuur maar gewoon een mailtje met mn opties,1131569825485066240
1131588323074551810,2019-05-23 15:50:54,@Roofkip &gt;&gt; Bedankt voor de uitleg! Flying Blue belt leden niet over het lidmaatschap.  Wanneer Flying Blue belt is dit betreffende een bestaande boeking en kan gaan om een annulering of vertraging. We denken dat je gebeld bent door American Express. &gt;&gt;,1.1315801902058537e+18,43763476.0,nl,56377143,@roofkip gtgt bedankt voor de uitleg! flying blue belt leden niet over het lidmaatschap wanneer flying blue belt is dit betreffende een bestaande boeking en kan gaan om een annulering of vertraging we denken dat je gebeld bent door american express gtgt,1131569825485066240
1131588461159419904,2019-05-23 15:51:27,@Roofkip &gt;&gt; Je kunt bij hun aangeven niet meer gebeld te willen worden. American Express benadert leden om ze te informeren over de voordelen van de Flying Blue AMEX kaart. &lt;&lt;,1.1315801902058537e+18,43763476.0,nl,56377143,@roofkip gtgt je kunt bij hun aangeven niet meer gebeld te willen worden american express benadert leden om ze te informeren over de voordelen van de flying blue amex kaart ltlt,1131569825485066240
1131619851318059009,2019-05-23 17:56:11,"@KLM Thanks, duidelijk!",1.1315884611594199e+18,56377143.0,nl,43763476,@klm thanks duidelijk!,1131569825485066240
